1,Khristina,doskochynska83@gmail,none
2,Mariya,hoangle@hotmail.com,none
3,Taras,tdrfytguhuijilko@gmail.com,none
4,Anna,boftx@sbcglobal.net,none
5,Pavlo,uegydwisuhaijdf@gmail.com,none
6,Maksym,doskochynska83@gmail,none
7,Khristina,uegydwisuhaijdf@gmail.com,none
8,Olha,tdrfytguhuijilko@gmail.com,none
9,Andriy,pmint@aol.com,none
10,Sviatoslav,sapiy_mariya@gmail.com,none
11,Pavlo,dmbkiwi@yahoo.com,none
12,Sviatoslav,sapiy_mariya@gmail.com,none
13,Olha,gregh@live.com,none
14,Denys,maxi985049@gmail.com,none
15,Vlad,pmint@aol.com,none
16,Roman,tdrfytguhuijilko@gmail.com,none
17,Andriy,dmbkiwi@yahoo.com,none
18,Andriy,rafasgj@hotmail.com,none
19,Sviatoslav,wertyui@gmail.com,none
20,Sviatoslav,sapiy_mariya@gmail.com,none
21,Olha,rafasgj@hotmail.com,none
22,Anna,dmbkiwi@yahoo.com,none
23,Vlad,dmbkiwi@yahoo.com,none
24,Anna,sapiy_mariya@gmail.com,none
25,Pavlo,hbrfnejidk@ukr.net,none
26,Khristina,tdrfytguhuijilko@gmail.com,none
27,Khristina,uegydwisuhaijdf@gmail.com,none
28,Olha,rafasgj@hotmail.com,none
29,Sviatoslav,ubuntumaks@gmail.com,none
30,Sviatoslav,uegydwisuhaijdf@gmail.com,none
31,Anna,chlim@yahoo.ca,none
32,Olha,maxi985049@gmail.com,none
33,Sviatoslav,hbrfnejidk@ukr.net,none
34,Sviatoslav,gregh@live.com,none
35,Olha,rafasgj@hotmail.com,none
36,Taras,doskochynska83@gmail,none
37,Oleg,uegydwisuhaijdf@gmail.com,none
38,Denys,uegydwisuhaijdf@gmail.com,none
39,Denys,gregh@live.com,none
40,Olha,gastown@gmail.com,none
41,Khristina,gastown@gmail.com,none
42,Khristina,jschauma@live.com,none
43,Taras,sapiy_mariya@gmail.com,none
44,Roman,ubuntumaks@gmail.com,none
45,Roman,ubuntumaks@gmail.com,none
46,Vlad,chlim@yahoo.ca,none
47,Sviatoslav,jschauma@live.com,none
48,Olha,uegydwisuhaijdf@gmail.com,none
49,Mariya,maxi985049@gmail.com,none
50,Vlad,gastown@gmail.com,none
51,Oleg,uegydwisuhaijdf@gmail.com,none
52,Denys,ubuntumaks@gmail.com,none
53,Anna,ubuntumaks@gmail.com,none
54,Andriy,ubuntumaks@gmail.com,none
55,Oleg,gastown@gmail.com,none
56,Oleg,gregh@live.com,none
57,Andriy,gregh@live.com,none
58,Vlad,pmint@aol.com,none
59,Oleg,uegydwisuhaijdf@gmail.com,none
60,Roman,jschauma@live.com,none
61,Oleg,gastown@gmail.com,none
62,Sviatoslav,maxi985049@gmail.com,none
63,Taras,gastown@gmail.com,none
64,Taras,dmbkiwi@yahoo.com,none
65,Pavlo,hbrfnejidk@ukr.net,none
66,Pavlo,ubuntumaks@gmail.com,none
67,Anna,jschauma@live.com,none
68,Mariya,sapiy_mariya@gmail.com,none
69,Vlad,rafasgj@hotmail.com,none
70,Khristina,wertyui@gmail.com,none
71,Anna,maxi985049@gmail.com,none
72,Denys,maxi985049@gmail.com,none
73,Denys,gastown@gmail.com,none
74,Olha,uegydwisuhaijdf@gmail.com,none
75,Andriy,uegydwisuhaijdf@gmail.com,none
76,Oleg,doskochynska83@gmail,none
77,Roman,boftx@sbcglobal.net,none
78,Pavlo,hbrfnejidk@ukr.net,none
79,Sviatoslav,pmint@aol.com,none
80,Vlad,dmbkiwi@yahoo.com,none
81,Vlad,chlim@yahoo.ca,none
82,Pavlo,gregh@live.com,none
83,Sviatoslav,boftx@sbcglobal.net,none
84,Mariya,wertyui@gmail.com,none
85,Vlad,gastown@gmail.com,none
86,Denys,dmbkiwi@yahoo.com,none
87,Olha,dmbkiwi@yahoo.com,none
88,Sviatoslav,dmbkiwi@yahoo.com,none
89,Anna,hbrfnejidk@ukr.net,none
90,Pavlo,jschauma@live.com,none
91,Anna,hbrfnejidk@ukr.net,none
92,Olha,dmbkiwi@yahoo.com,none
93,Vlad,hbrfnejidk@ukr.net,none
94,Denys,boftx@sbcglobal.net,none
95,Mariya,msroth@mac.com,none
96,Pavlo,hbrfnejidk@ukr.net,none
97,Andriy,gastown@gmail.com,none
98,Vlad,boftx@sbcglobal.net,none
99,Pavlo,chlim@yahoo.ca,none
100,Sviatoslav,uegydwisuhaijdf@gmail.com,none
101,Andriy,ubuntumaks@gmail.com,none
102,Denys,tdrfytguhuijilko@gmail.com,none
103,Andriy,jschauma@live.com,none
104,Anna,jschauma@live.com,none
105,Vlad,ubuntumaks@gmail.com,none
106,Andriy,sapiy_mariya@gmail.com,none
107,Sviatoslav,ubuntumaks@gmail.com,none
108,Pavlo,dmbkiwi@yahoo.com,none
109,Sviatoslav,gregh@live.com,none
110,Andriy,msroth@mac.com,none
111,Roman,dmbkiwi@yahoo.com,none
112,Olha,ubuntumaks@gmail.com,none
113,Maksym,tdrfytguhuijilko@gmail.com,none
114,Pavlo,gregh@live.com,none
115,Sviatoslav,boftx@sbcglobal.net,none
116,Vlad,gregh@live.com,none
117,Mariya,pmint@aol.com,none
118,Olha,hoangle@hotmail.com,none
119,Denys,rafasgj@hotmail.com,none
120,Andriy,maxi985049@gmail.com,none
121,Roman,hbrfnejidk@ukr.net,none
122,Denys,boftx@sbcglobal.net,none
123,Olha,msroth@mac.com,none
124,Andriy,dmbkiwi@yahoo.com,none
125,Sviatoslav,tdrfytguhuijilko@gmail.com,none
126,Taras,chlim@yahoo.ca,none
127,Khristina,gastown@gmail.com,none
128,Roman,doskochynska83@gmail,none
129,Sviatoslav,msroth@mac.com,none
130,Vlad,gregh@live.com,none
131,Taras,gregh@live.com,none
132,Khristina,rafasgj@hotmail.com,none
133,Andriy,tdrfytguhuijilko@gmail.com,none
134,Taras,dmbkiwi@yahoo.com,none
135,Oleg,pmint@aol.com,none
136,Olha,jschauma@live.com,none
137,Roman,ubuntumaks@gmail.com,none
138,Mariya,gregh@live.com,none
139,Pavlo,jschauma@live.com,none
140,Andriy,msroth@mac.com,none
141,Sviatoslav,sapiy_mariya@gmail.com,none
142,Mariya,boftx@sbcglobal.net,none
143,Vlad,wertyui@gmail.com,none
144,Maksym,gastown@gmail.com,none
145,Andriy,dmbkiwi@yahoo.com,none
146,Khristina,gastown@gmail.com,none
147,Olha,maxi985049@gmail.com,none
148,Anna,hoangle@hotmail.com,none
149,Oleg,hbrfnejidk@ukr.net,none
150,Sviatoslav,gastown@gmail.com,none
151,Taras,jschauma@live.com,none
152,Sviatoslav,uegydwisuhaijdf@gmail.com,none
153,Anna,ubuntumaks@gmail.com,none
154,Pavlo,hoangle@hotmail.com,none
155,Anna,ubuntumaks@gmail.com,none
156,Sviatoslav,gregh@live.com,none
157,Vlad,wertyui@gmail.com,none
158,Roman,sapiy_mariya@gmail.com,none
159,Mariya,dmbkiwi@yahoo.com,none
160,Pavlo,hbrfnejidk@ukr.net,none
161,Roman,msroth@mac.com,none
162,Vlad,sapiy_mariya@gmail.com,none
163,Taras,rafasgj@hotmail.com,none
164,Sviatoslav,hbrfnejidk@ukr.net,none
165,Taras,tdrfytguhuijilko@gmail.com,none
166,Pavlo,gregh@live.com,none
167,Anna,sapiy_mariya@gmail.com,none
168,Vlad,jschauma@live.com,none
169,Olha,wertyui@gmail.com,none
170,Andriy,rafasgj@hotmail.com,none
171,Olha,gastown@gmail.com,none
172,Olha,msroth@mac.com,none
173,Roman,rafasgj@hotmail.com,none
174,Vlad,jschauma@live.com,none
175,Andriy,chlim@yahoo.ca,none
176,Mariya,gastown@gmail.com,none
177,Andriy,uegydwisuhaijdf@gmail.com,none
178,Andriy,tdrfytguhuijilko@gmail.com,none
179,Anna,maxi985049@gmail.com,none
180,Anna,gastown@gmail.com,none
181,Roman,pmint@aol.com,none
182,Roman,sapiy_mariya@gmail.com,none
183,Andriy,maxi985049@gmail.com,none
184,Sviatoslav,rafasgj@hotmail.com,none
185,Oleg,gregh@live.com,none
186,Roman,rafasgj@hotmail.com,none
187,Vlad,dmbkiwi@yahoo.com,none
188,Andriy,wertyui@gmail.com,none
189,Oleg,gastown@gmail.com,none
190,Taras,wertyui@gmail.com,none
191,Taras,chlim@yahoo.ca,none
192,Anna,chlim@yahoo.ca,none
193,Pavlo,rafasgj@hotmail.com,none
194,Vlad,tdrfytguhuijilko@gmail.com,none
195,Pavlo,boftx@sbcglobal.net,none
196,Roman,hoangle@hotmail.com,none
197,Pavlo,tdrfytguhuijilko@gmail.com,none
198,Khristina,hbrfnejidk@ukr.net,none
199,Olha,gastown@gmail.com,none
200,Mariya,msroth@mac.com,none
201,Denys,boftx@sbcglobal.net,none
202,Taras,maxi985049@gmail.com,none
203,Andriy,wertyui@gmail.com,none
204,Roman,boftx@sbcglobal.net,none
205,Sviatoslav,wertyui@gmail.com,none
206,Sviatoslav,boftx@sbcglobal.net,none
207,Andriy,jschauma@live.com,none
208,Pavlo,wertyui@gmail.com,none
209,Roman,uegydwisuhaijdf@gmail.com,none
210,Olha,uegydwisuhaijdf@gmail.com,none
211,Oleg,maxi985049@gmail.com,none
212,Andriy,sapiy_mariya@gmail.com,none
213,Olha,uegydwisuhaijdf@gmail.com,none
214,Khristina,dmbkiwi@yahoo.com,none
215,Sviatoslav,gregh@live.com,none
216,Roman,dmbkiwi@yahoo.com,none
217,Anna,wertyui@gmail.com,none
218,Anna,dmbkiwi@yahoo.com,none
219,Khristina,gregh@live.com,none
220,Mariya,doskochynska83@gmail,none
221,Maksym,chlim@yahoo.ca,none
222,Vlad,hbrfnejidk@ukr.net,none
223,Anna,dmbkiwi@yahoo.com,none
224,Mariya,hbrfnejidk@ukr.net,none
225,Taras,dmbkiwi@yahoo.com,none
226,Pavlo,doskochynska83@gmail,none
227,Khristina,chlim@yahoo.ca,none
228,Vlad,boftx@sbcglobal.net,none
229,Denys,maxi985049@gmail.com,none
230,Vlad,dmbkiwi@yahoo.com,none
231,Denys,hbrfnejidk@ukr.net,none
232,Taras,wertyui@gmail.com,none
233,Khristina,rafasgj@hotmail.com,none
234,Denys,doskochynska83@gmail,none
235,Pavlo,gregh@live.com,none
236,Denys,boftx@sbcglobal.net,none
237,Andriy,msroth@mac.com,none
238,Denys,uegydwisuhaijdf@gmail.com,none
239,Vlad,pmint@aol.com,none
240,Anna,boftx@sbcglobal.net,none
241,Olha,doskochynska83@gmail,none
242,Sviatoslav,wertyui@gmail.com,none
243,Anna,chlim@yahoo.ca,none
244,Olha,doskochynska83@gmail,none
245,Pavlo,gastown@gmail.com,none
246,Anna,gastown@gmail.com,none
247,Khristina,tdrfytguhuijilko@gmail.com,none
248,Anna,jschauma@live.com,none
249,Olha,wertyui@gmail.com,none
250,Olha,hbrfnejidk@ukr.net,none
251,Denys,doskochynska83@gmail,none
252,Taras,maxi985049@gmail.com,none
253,Olha,chlim@yahoo.ca,none
254,Mariya,wertyui@gmail.com,none
255,Sviatoslav,tdrfytguhuijilko@gmail.com,none
256,Pavlo,pmint@aol.com,none
257,Olha,sapiy_mariya@gmail.com,none
258,Denys,ubuntumaks@gmail.com,none
259,Khristina,hbrfnejidk@ukr.net,none
260,Vlad,wertyui@gmail.com,none
261,Andriy,hoangle@hotmail.com,none
262,Andriy,hbrfnejidk@ukr.net,none
263,Mariya,gastown@gmail.com,none
264,Oleg,tdrfytguhuijilko@gmail.com,none
265,Andriy,boftx@sbcglobal.net,none
266,Pavlo,tdrfytguhuijilko@gmail.com,none
267,Mariya,rafasgj@hotmail.com,none
268,Taras,jschauma@live.com,none
269,Anna,msroth@mac.com,none
270,Mariya,rafasgj@hotmail.com,none
271,Anna,maxi985049@gmail.com,none
272,Khristina,hoangle@hotmail.com,none
273,Andriy,gastown@gmail.com,none
274,Andriy,gregh@live.com,none
275,Andriy,dmbkiwi@yahoo.com,none
276,Sviatoslav,doskochynska83@gmail,none
277,Sviatoslav,wertyui@gmail.com,none
278,Denys,doskochynska83@gmail,none
279,Andriy,msroth@mac.com,none
280,Roman,sapiy_mariya@gmail.com,none
281,Roman,uegydwisuhaijdf@gmail.com,none
282,Khristina,sapiy_mariya@gmail.com,none
283,Pavlo,doskochynska83@gmail,none
284,Vlad,maxi985049@gmail.com,none
285,Taras,jschauma@live.com,none
286,Pavlo,jschauma@live.com,none
287,Olha,rafasgj@hotmail.com,none
288,Vlad,hoangle@hotmail.com,none
289,Denys,doskochynska83@gmail,none
290,Andriy,wertyui@gmail.com,none
291,Anna,jschauma@live.com,none
292,Sviatoslav,doskochynska83@gmail,none
293,Andriy,maxi985049@gmail.com,none
294,Olha,ubuntumaks@gmail.com,none
295,Mariya,sapiy_mariya@gmail.com,none
296,Olha,rafasgj@hotmail.com,none
297,Pavlo,pmint@aol.com,none
298,Andriy,boftx@sbcglobal.net,none
299,Vlad,boftx@sbcglobal.net,none
300,Roman,boftx@sbcglobal.net,none
301,Anna,doskochynska83@gmail,none
302,Mariya,dmbkiwi@yahoo.com,none
303,Mariya,chlim@yahoo.ca,none
304,Andriy,hbrfnejidk@ukr.net,none
305,Oleg,uegydwisuhaijdf@gmail.com,none
306,Denys,jschauma@live.com,none
307,Andriy,hbrfnejidk@ukr.net,none
308,Pavlo,ubuntumaks@gmail.com,none
309,Oleg,dmbkiwi@yahoo.com,none
310,Vlad,sapiy_mariya@gmail.com,none
311,Andriy,dmbkiwi@yahoo.com,none
312,Pavlo,boftx@sbcglobal.net,none
313,Pavlo,jschauma@live.com,none
314,Anna,msroth@mac.com,none
315,Denys,wertyui@gmail.com,none
316,Taras,chlim@yahoo.ca,none
317,Olha,gregh@live.com,none
318,Sviatoslav,boftx@sbcglobal.net,none
319,Sviatoslav,pmint@aol.com,none
320,Anna,maxi985049@gmail.com,none
321,Taras,boftx@sbcglobal.net,none
322,Taras,msroth@mac.com,none
323,Pavlo,jschauma@live.com,none
324,Denys,hoangle@hotmail.com,none
325,Vlad,wertyui@gmail.com,none
326,Denys,rafasgj@hotmail.com,none
327,Roman,hbrfnejidk@ukr.net,none
328,Khristina,boftx@sbcglobal.net,none
329,Pavlo,tdrfytguhuijilko@gmail.com,none
330,Taras,boftx@sbcglobal.net,none
331,Vlad,rafasgj@hotmail.com,none
332,Pavlo,sapiy_mariya@gmail.com,none
333,Khristina,msroth@mac.com,none
334,Anna,boftx@sbcglobal.net,none
335,Olha,pmint@aol.com,none
336,Khristina,maxi985049@gmail.com,none
337,Pavlo,hoangle@hotmail.com,none
338,Vlad,tdrfytguhuijilko@gmail.com,none
339,Pavlo,hoangle@hotmail.com,none
340,Olha,boftx@sbcglobal.net,none
341,Andriy,boftx@sbcglobal.net,none
342,Roman,msroth@mac.com,none
343,Vlad,tdrfytguhuijilko@gmail.com,none
344,Mariya,tdrfytguhuijilko@gmail.com,none
345,Oleg,gregh@live.com,none
346,Oleg,pmint@aol.com,none
347,Denys,maxi985049@gmail.com,none
348,Mariya,hoangle@hotmail.com,none
349,Andriy,rafasgj@hotmail.com,none
350,Vlad,msroth@mac.com,none
351,Khristina,hoangle@hotmail.com,none
352,Olha,uegydwisuhaijdf@gmail.com,none
353,Taras,sapiy_mariya@gmail.com,none
354,Taras,jschauma@live.com,none
355,Denys,gastown@gmail.com,none
356,Pavlo,sapiy_mariya@gmail.com,none
357,Andriy,wertyui@gmail.com,none
358,Denys,wertyui@gmail.com,none
359,Khristina,wertyui@gmail.com,none
360,Khristina,boftx@sbcglobal.net,none
361,Anna,wertyui@gmail.com,none
362,Roman,hbrfnejidk@ukr.net,none
363,Maksym,wertyui@gmail.com,none
364,Vlad,wertyui@gmail.com,none
365,Olha,jschauma@live.com,none
366,Maksym,sapiy_mariya@gmail.com,none
367,Khristina,pmint@aol.com,none
368,Sviatoslav,hbrfnejidk@ukr.net,none
369,Khristina,wertyui@gmail.com,none
370,Sviatoslav,uegydwisuhaijdf@gmail.com,none
371,Khristina,maxi985049@gmail.com,none
372,Denys,hoangle@hotmail.com,none
373,Roman,rafasgj@hotmail.com,none
374,Mariya,msroth@mac.com,none
375,Mariya,chlim@yahoo.ca,none
376,Khristina,jschauma@live.com,none
377,Pavlo,gastown@gmail.com,none
378,Sviatoslav,pmint@aol.com,none
379,Mariya,ubuntumaks@gmail.com,none
380,Mariya,msroth@mac.com,none
381,Taras,doskochynska83@gmail,none
382,Vlad,hoangle@hotmail.com,none
383,Roman,sapiy_mariya@gmail.com,none
384,Mariya,rafasgj@hotmail.com,none
385,Roman,sapiy_mariya@gmail.com,none
386,Vlad,hbrfnejidk@ukr.net,none
387,Pavlo,msroth@mac.com,none
388,Sviatoslav,ubuntumaks@gmail.com,none
389,Sviatoslav,wertyui@gmail.com,none
390,Pavlo,gastown@gmail.com,none
391,Pavlo,jschauma@live.com,none
392,Olha,dmbkiwi@yahoo.com,none
393,Sviatoslav,pmint@aol.com,none
394,Pavlo,rafasgj@hotmail.com,none
395,Vlad,uegydwisuhaijdf@gmail.com,none
396,Roman,chlim@yahoo.ca,none
397,Sviatoslav,rafasgj@hotmail.com,none
398,Anna,wertyui@gmail.com,none
399,Sviatoslav,sapiy_mariya@gmail.com,none
400,Khristina,boftx@sbcglobal.net,none
401,Anna,hoangle@hotmail.com,none
402,Denys,tdrfytguhuijilko@gmail.com,none
403,Sviatoslav,ubuntumaks@gmail.com,none
404,Vlad,sapiy_mariya@gmail.com,none
405,Mariya,rafasgj@hotmail.com,none
406,Denys,pmint@aol.com,none
407,Olha,chlim@yahoo.ca,none
408,Vlad,ubuntumaks@gmail.com,none
409,Mariya,boftx@sbcglobal.net,none
410,Oleg,hoangle@hotmail.com,none
411,Mariya,pmint@aol.com,none
412,Taras,rafasgj@hotmail.com,none
413,Olha,uegydwisuhaijdf@gmail.com,none
414,Taras,wertyui@gmail.com,none
415,Roman,doskochynska83@gmail,none
416,Oleg,wertyui@gmail.com,none
417,Vlad,msroth@mac.com,none
418,Oleg,tdrfytguhuijilko@gmail.com,none
419,Khristina,boftx@sbcglobal.net,none
420,Olha,wertyui@gmail.com,none
421,Oleg,dmbkiwi@yahoo.com,none
422,Taras,hbrfnejidk@ukr.net,none
423,Mariya,gastown@gmail.com,none
424,Olha,hoangle@hotmail.com,none
425,Pavlo,ubuntumaks@gmail.com,none
426,Vlad,gregh@live.com,none
427,Anna,sapiy_mariya@gmail.com,none
428,Vlad,doskochynska83@gmail,none
429,Mariya,sapiy_mariya@gmail.com,none
430,Oleg,sapiy_mariya@gmail.com,none
431,Anna,gregh@live.com,none
432,Oleg,tdrfytguhuijilko@gmail.com,none
433,Denys,pmint@aol.com,none
434,Vlad,doskochynska83@gmail,none
435,Olha,jschauma@live.com,none
436,Roman,pmint@aol.com,none
437,Denys,hbrfnejidk@ukr.net,none
438,Sviatoslav,jschauma@live.com,none
439,Olha,gregh@live.com,none
440,Sviatoslav,pmint@aol.com,none
441,Roman,maxi985049@gmail.com,none
442,Sviatoslav,gregh@live.com,none
443,Mariya,gregh@live.com,none
444,Khristina,dmbkiwi@yahoo.com,none
445,Oleg,uegydwisuhaijdf@gmail.com,none
446,Pavlo,gregh@live.com,none
447,Khristina,pmint@aol.com,none
448,Pavlo,chlim@yahoo.ca,none
449,Sviatoslav,uegydwisuhaijdf@gmail.com,none
450,Oleg,hoangle@hotmail.com,none
451,Oleg,hoangle@hotmail.com,none
452,Anna,pmint@aol.com,none
453,Andriy,hoangle@hotmail.com,none
454,Vlad,chlim@yahoo.ca,none
455,Sviatoslav,msroth@mac.com,none
456,Khristina,boftx@sbcglobal.net,none
457,Vlad,ubuntumaks@gmail.com,none
458,Vlad,gastown@gmail.com,none
459,Pavlo,jschauma@live.com,none
460,Olha,gastown@gmail.com,none
461,Taras,dmbkiwi@yahoo.com,none
462,Pavlo,maxi985049@gmail.com,none
463,Sviatoslav,msroth@mac.com,none
464,Taras,hoangle@hotmail.com,none
465,Pavlo,rafasgj@hotmail.com,none
466,Sviatoslav,dmbkiwi@yahoo.com,none
467,Denys,msroth@mac.com,none
468,Anna,gregh@live.com,none
469,Pavlo,sapiy_mariya@gmail.com,none
470,Roman,tdrfytguhuijilko@gmail.com,none
471,Maksym,gregh@live.com,none
472,Sviatoslav,hbrfnejidk@ukr.net,none
473,Mariya,chlim@yahoo.ca,none
474,Roman,hoangle@hotmail.com,none
475,Oleg,sapiy_mariya@gmail.com,none
476,Mariya,hoangle@hotmail.com,none
477,Khristina,gregh@live.com,none
478,Mariya,rafasgj@hotmail.com,none
479,Pavlo,wertyui@gmail.com,none
480,Anna,dmbkiwi@yahoo.com,none
481,Anna,uegydwisuhaijdf@gmail.com,none
482,Roman,gastown@gmail.com,none
483,Denys,gregh@live.com,none
484,Anna,msroth@mac.com,none
485,Roman,boftx@sbcglobal.net,none
486,Andriy,rafasgj@hotmail.com,none
487,Pavlo,doskochynska83@gmail,none
488,Taras,rafasgj@hotmail.com,none
489,Roman,jschauma@live.com,none
490,Olha,uegydwisuhaijdf@gmail.com,none
491,Denys,dmbkiwi@yahoo.com,none
492,Oleg,rafasgj@hotmail.com,none
493,Khristina,msroth@mac.com,none
494,Pavlo,sapiy_mariya@gmail.com,none
495,Andriy,gregh@live.com,none
496,Oleg,gregh@live.com,none
497,Taras,wertyui@gmail.com,none
498,Andriy,boftx@sbcglobal.net,none
499,Vlad,dmbkiwi@yahoo.com,none
500,Roman,rafasgj@hotmail.com,none
501,Anna,jschauma@live.com,none
502,Andriy,pmint@aol.com,none
503,Andriy,jschauma@live.com,none
504,Khristina,tdrfytguhuijilko@gmail.com,none
505,Vlad,chlim@yahoo.ca,none
506,Sviatoslav,gregh@live.com,none
507,Oleg,pmint@aol.com,none
508,Denys,wertyui@gmail.com,none
509,Anna,maxi985049@gmail.com,none
510,Vlad,hbrfnejidk@ukr.net,none
511,Vlad,ubuntumaks@gmail.com,none
512,Oleg,wertyui@gmail.com,none
513,Andriy,chlim@yahoo.ca,none
514,Andriy,chlim@yahoo.ca,none
515,Olha,doskochynska83@gmail,none
516,Sviatoslav,wertyui@gmail.com,none
517,Andriy,gregh@live.com,none
518,Taras,uegydwisuhaijdf@gmail.com,none
519,Taras,wertyui@gmail.com,none
520,Mariya,gregh@live.com,none
521,Taras,msroth@mac.com,none
522,Olha,gastown@gmail.com,none
523,Anna,maxi985049@gmail.com,none
524,Taras,sapiy_mariya@gmail.com,none
525,Pavlo,boftx@sbcglobal.net,none
526,Anna,wertyui@gmail.com,none
527,Vlad,sapiy_mariya@gmail.com,none
528,Andriy,tdrfytguhuijilko@gmail.com,none
529,Roman,rafasgj@hotmail.com,none
530,Khristina,msroth@mac.com,none
531,Taras,boftx@sbcglobal.net,none
532,Denys,doskochynska83@gmail,none
533,Taras,dmbkiwi@yahoo.com,none
534,Vlad,ubuntumaks@gmail.com,none
535,Denys,dmbkiwi@yahoo.com,none
536,Pavlo,doskochynska83@gmail,none
537,Roman,gregh@live.com,none
538,Maksym,gastown@gmail.com,none
539,Vlad,msroth@mac.com,none
540,Pavlo,hoangle@hotmail.com,none
541,Denys,doskochynska83@gmail,none
542,Andriy,uegydwisuhaijdf@gmail.com,none
543,Denys,rafasgj@hotmail.com,none
544,Maksym,boftx@sbcglobal.net,none
545,Roman,rafasgj@hotmail.com,none
546,Taras,rafasgj@hotmail.com,none
547,Taras,msroth@mac.com,none
548,Olha,wertyui@gmail.com,none
549,Sviatoslav,wertyui@gmail.com,none
550,Sviatoslav,ubuntumaks@gmail.com,none
551,Pavlo,uegydwisuhaijdf@gmail.com,none
552,Anna,tdrfytguhuijilko@gmail.com,none
553,Denys,msroth@mac.com,none
554,Denys,ubuntumaks@gmail.com,none
555,Roman,chlim@yahoo.ca,none
556,Mariya,dmbkiwi@yahoo.com,none
557,Oleg,dmbkiwi@yahoo.com,none
558,Oleg,jschauma@live.com,none
559,Taras,chlim@yahoo.ca,none
560,Khristina,boftx@sbcglobal.net,none
561,Roman,sapiy_mariya@gmail.com,none
562,Andriy,doskochynska83@gmail,none
563,Roman,hoangle@hotmail.com,none
564,Olha,gastown@gmail.com,none
565,Andriy,gregh@live.com,none
566,Vlad,wertyui@gmail.com,none
567,Pavlo,chlim@yahoo.ca,none
568,Roman,pmint@aol.com,none
569,Taras,rafasgj@hotmail.com,none
570,Sviatoslav,msroth@mac.com,none
571,Andriy,maxi985049@gmail.com,none
572,Mariya,boftx@sbcglobal.net,none
573,Vlad,msroth@mac.com,none
574,Pavlo,wertyui@gmail.com,none
575,Vlad,jschauma@live.com,none
576,Khristina,ubuntumaks@gmail.com,none
577,Roman,ubuntumaks@gmail.com,none
578,Mariya,wertyui@gmail.com,none
579,Oleg,jschauma@live.com,none
580,Roman,maxi985049@gmail.com,none
581,Olha,uegydwisuhaijdf@gmail.com,none
582,Oleg,msroth@mac.com,none
583,Pavlo,ubuntumaks@gmail.com,none
584,Oleg,sapiy_mariya@gmail.com,none
585,Olha,tdrfytguhuijilko@gmail.com,none
586,Oleg,sapiy_mariya@gmail.com,none
587,Pavlo,hbrfnejidk@ukr.net,none
588,Andriy,maxi985049@gmail.com,none
589,Khristina,hbrfnejidk@ukr.net,none
590,Khristina,rafasgj@hotmail.com,none
591,Oleg,hoangle@hotmail.com,none
592,Vlad,uegydwisuhaijdf@gmail.com,none
593,Sviatoslav,ubuntumaks@gmail.com,none
594,Anna,maxi985049@gmail.com,none
595,Taras,sapiy_mariya@gmail.com,none
596,Mariya,hbrfnejidk@ukr.net,none
597,Taras,msroth@mac.com,none
598,Vlad,chlim@yahoo.ca,none
599,Anna,ubuntumaks@gmail.com,none
600,Anna,hbrfnejidk@ukr.net,none
601,Oleg,jschauma@live.com,none
602,Anna,gregh@live.com,none
603,Taras,chlim@yahoo.ca,none
604,Anna,wertyui@gmail.com,none
605,Taras,dmbkiwi@yahoo.com,none
606,Taras,maxi985049@gmail.com,none
607,Andriy,sapiy_mariya@gmail.com,none
608,Pavlo,hoangle@hotmail.com,none
609,Sviatoslav,hoangle@hotmail.com,none
610,Khristina,rafasgj@hotmail.com,none
611,Olha,hbrfnejidk@ukr.net,none
612,Anna,gregh@live.com,none
613,Denys,doskochynska83@gmail,none
614,Anna,uegydwisuhaijdf@gmail.com,none
615,Denys,rafasgj@hotmail.com,none
616,Roman,gregh@live.com,none
617,Taras,boftx@sbcglobal.net,none
618,Vlad,maxi985049@gmail.com,none
619,Denys,tdrfytguhuijilko@gmail.com,none
620,Anna,jschauma@live.com,none
621,Vlad,ubuntumaks@gmail.com,none
622,Olha,tdrfytguhuijilko@gmail.com,none
623,Roman,dmbkiwi@yahoo.com,none
624,Maksym,hoangle@hotmail.com,none
625,Roman,uegydwisuhaijdf@gmail.com,none
626,Denys,jschauma@live.com,none
627,Vlad,doskochynska83@gmail,none
628,Khristina,wertyui@gmail.com,none
629,Anna,jschauma@live.com,none
630,Denys,maxi985049@gmail.com,none
631,Oleg,tdrfytguhuijilko@gmail.com,none
632,Oleg,hoangle@hotmail.com,none
633,Pavlo,sapiy_mariya@gmail.com,none
634,Mariya,maxi985049@gmail.com,none
635,Olha,ubuntumaks@gmail.com,none
636,Oleg,pmint@aol.com,none
637,Anna,boftx@sbcglobal.net,none
638,Roman,sapiy_mariya@gmail.com,none
639,Khristina,dmbkiwi@yahoo.com,none
640,Sviatoslav,gastown@gmail.com,none
641,Taras,msroth@mac.com,none
642,Olha,dmbkiwi@yahoo.com,none
643,Andriy,uegydwisuhaijdf@gmail.com,none
644,Olha,sapiy_mariya@gmail.com,none
645,Olha,doskochynska83@gmail,none
646,Roman,hoangle@hotmail.com,none
647,Olha,msroth@mac.com,none
648,Oleg,pmint@aol.com,none
649,Sviatoslav,tdrfytguhuijilko@gmail.com,none
650,Pavlo,gastown@gmail.com,none
651,Olha,dmbkiwi@yahoo.com,none
652,Roman,hbrfnejidk@ukr.net,none
653,Olha,tdrfytguhuijilko@gmail.com,none
654,Denys,ubuntumaks@gmail.com,none
655,Olha,dmbkiwi@yahoo.com,none
656,Andriy,ubuntumaks@gmail.com,none
657,Pavlo,hoangle@hotmail.com,none
658,Anna,hbrfnejidk@ukr.net,none
659,Anna,boftx@sbcglobal.net,none
660,Khristina,rafasgj@hotmail.com,none
661,Roman,hoangle@hotmail.com,none
662,Pavlo,jschauma@live.com,none
663,Taras,rafasgj@hotmail.com,none
664,Roman,pmint@aol.com,none
665,Denys,hoangle@hotmail.com,none
666,Khristina,msroth@mac.com,none
667,Anna,maxi985049@gmail.com,none
668,Khristina,hoangle@hotmail.com,none
669,Khristina,gregh@live.com,none
670,Anna,maxi985049@gmail.com,none
671,Roman,gastown@gmail.com,none
672,Andriy,doskochynska83@gmail,none
673,Khristina,sapiy_mariya@gmail.com,none
674,Denys,dmbkiwi@yahoo.com,none
675,Roman,dmbkiwi@yahoo.com,none
676,Sviatoslav,msroth@mac.com,none
677,Khristina,uegydwisuhaijdf@gmail.com,none
678,Denys,doskochynska83@gmail,none
679,Khristina,gastown@gmail.com,none
680,Vlad,ubuntumaks@gmail.com,none
681,Roman,hbrfnejidk@ukr.net,none
682,Sviatoslav,msroth@mac.com,none
683,Anna,dmbkiwi@yahoo.com,none
684,Vlad,uegydwisuhaijdf@gmail.com,none
685,Anna,doskochynska83@gmail,none
686,Andriy,hbrfnejidk@ukr.net,none
687,Olha,dmbkiwi@yahoo.com,none
688,Pavlo,hoangle@hotmail.com,none
689,Andriy,msroth@mac.com,none
690,Roman,boftx@sbcglobal.net,none
691,Mariya,chlim@yahoo.ca,none
692,Khristina,maxi985049@gmail.com,none
693,Vlad,gastown@gmail.com,none
694,Denys,ubuntumaks@gmail.com,none
695,Sviatoslav,pmint@aol.com,none
696,Sviatoslav,doskochynska83@gmail,none
697,Mariya,doskochynska83@gmail,none
698,Andriy,boftx@sbcglobal.net,none
699,Oleg,ubuntumaks@gmail.com,none
700,Anna,hoangle@hotmail.com,none
701,Andriy,jschauma@live.com,none
702,Anna,boftx@sbcglobal.net,none
703,Denys,sapiy_mariya@gmail.com,none
704,Roman,sapiy_mariya@gmail.com,none
705,Mariya,doskochynska83@gmail,none
706,Vlad,maxi985049@gmail.com,none
707,Pavlo,hbrfnejidk@ukr.net,none
708,Taras,rafasgj@hotmail.com,none
709,Khristina,wertyui@gmail.com,none
710,Anna,msroth@mac.com,none
711,Roman,jschauma@live.com,none
712,Vlad,tdrfytguhuijilko@gmail.com,none
713,Anna,maxi985049@gmail.com,none
714,Khristina,gastown@gmail.com,none
715,Pavlo,dmbkiwi@yahoo.com,none
716,Oleg,gregh@live.com,none
717,Denys,rafasgj@hotmail.com,none
718,Sviatoslav,dmbkiwi@yahoo.com,none
719,Denys,ubuntumaks@gmail.com,none
720,Roman,hoangle@hotmail.com,none
721,Vlad,sapiy_mariya@gmail.com,none
722,Roman,rafasgj@hotmail.com,none
723,Olha,pmint@aol.com,none
724,Mariya,wertyui@gmail.com,none
725,Roman,jschauma@live.com,none
726,Khristina,gastown@gmail.com,none
727,Roman,doskochynska83@gmail,none
728,Taras,gastown@gmail.com,none
729,Sviatoslav,hoangle@hotmail.com,none
730,Pavlo,gastown@gmail.com,none
731,Olha,gastown@gmail.com,none
732,Taras,hoangle@hotmail.com,none
733,Anna,gastown@gmail.com,none
734,Anna,uegydwisuhaijdf@gmail.com,none
735,Vlad,rafasgj@hotmail.com,none
736,Roman,msroth@mac.com,none
737,Mariya,boftx@sbcglobal.net,none
738,Roman,ubuntumaks@gmail.com,none
739,Khristina,gastown@gmail.com,none
740,Anna,msroth@mac.com,none
741,Mariya,jschauma@live.com,none
742,Vlad,ubuntumaks@gmail.com,none
743,Anna,pmint@aol.com,none
744,Roman,gastown@gmail.com,none
745,Andriy,gregh@live.com,none
746,Andriy,doskochynska83@gmail,none
747,Sviatoslav,ubuntumaks@gmail.com,none
748,Mariya,doskochynska83@gmail,none
749,Taras,hbrfnejidk@ukr.net,none
750,Maksym,sapiy_mariya@gmail.com,none
751,Sviatoslav,tdrfytguhuijilko@gmail.com,none
752,Sviatoslav,dmbkiwi@yahoo.com,none
753,Roman,chlim@yahoo.ca,none
754,Anna,gregh@live.com,none
755,Andriy,msroth@mac.com,none
756,Taras,msroth@mac.com,none
757,Denys,gastown@gmail.com,none
758,Khristina,sapiy_mariya@gmail.com,none
759,Oleg,boftx@sbcglobal.net,none
760,Pavlo,ubuntumaks@gmail.com,none
761,Mariya,pmint@aol.com,none
762,Mariya,ubuntumaks@gmail.com,none
763,Taras,ubuntumaks@gmail.com,none
764,Pavlo,gregh@live.com,none
765,Andriy,hoangle@hotmail.com,none
766,Vlad,ubuntumaks@gmail.com,none
767,Pavlo,rafasgj@hotmail.com,none
768,Roman,hbrfnejidk@ukr.net,none
769,Vlad,chlim@yahoo.ca,none
770,Vlad,gastown@gmail.com,none
771,Vlad,sapiy_mariya@gmail.com,none
772,Sviatoslav,gastown@gmail.com,none
773,Roman,msroth@mac.com,none
774,Khristina,gastown@gmail.com,none
775,Vlad,doskochynska83@gmail,none
776,Roman,pmint@aol.com,none
777,Anna,msroth@mac.com,none
778,Oleg,hbrfnejidk@ukr.net,none
779,Sviatoslav,chlim@yahoo.ca,none
780,Taras,msroth@mac.com,none
781,Maksym,maxi985049@gmail.com,none
782,Anna,ubuntumaks@gmail.com,none
783,Sviatoslav,doskochynska83@gmail,none
784,Oleg,chlim@yahoo.ca,none
785,Denys,wertyui@gmail.com,none
786,Andriy,rafasgj@hotmail.com,none
787,Roman,jschauma@live.com,none
788,Olha,rafasgj@hotmail.com,none
789,Sviatoslav,uegydwisuhaijdf@gmail.com,none
790,Denys,doskochynska83@gmail,none
791,Olha,ubuntumaks@gmail.com,none
792,Sviatoslav,rafasgj@hotmail.com,none
793,Oleg,gastown@gmail.com,none
794,Pavlo,gastown@gmail.com,none
795,Andriy,chlim@yahoo.ca,none
796,Denys,gregh@live.com,none
797,Roman,sapiy_mariya@gmail.com,none
798,Sviatoslav,rafasgj@hotmail.com,none
799,Pavlo,rafasgj@hotmail.com,none
800,Mariya,wertyui@gmail.com,none
801,Roman,uegydwisuhaijdf@gmail.com,none
802,Denys,jschauma@live.com,none
803,Taras,tdrfytguhuijilko@gmail.com,none
804,Denys,hoangle@hotmail.com,none
805,Khristina,ubuntumaks@gmail.com,none
806,Taras,uegydwisuhaijdf@gmail.com,none
807,Vlad,ubuntumaks@gmail.com,none
808,Roman,wertyui@gmail.com,none
809,Taras,ubuntumaks@gmail.com,none
810,Olha,ubuntumaks@gmail.com,none
811,Khristina,gastown@gmail.com,none
812,Olha,tdrfytguhuijilko@gmail.com,none
813,Mariya,sapiy_mariya@gmail.com,none
814,Anna,gastown@gmail.com,none
815,Oleg,rafasgj@hotmail.com,none
816,Oleg,pmint@aol.com,none
817,Mariya,sapiy_mariya@gmail.com,none
818,Andriy,hoangle@hotmail.com,none
819,Khristina,hoangle@hotmail.com,none
820,Taras,maxi985049@gmail.com,none
821,Oleg,maxi985049@gmail.com,none
822,Oleg,doskochynska83@gmail,none
823,Olha,msroth@mac.com,none
824,Andriy,dmbkiwi@yahoo.com,none
825,Oleg,pmint@aol.com,none
826,Sviatoslav,dmbkiwi@yahoo.com,none
827,Roman,hbrfnejidk@ukr.net,none
828,Oleg,uegydwisuhaijdf@gmail.com,none
829,Sviatoslav,wertyui@gmail.com,none
830,Andriy,rafasgj@hotmail.com,none
831,Anna,jschauma@live.com,none
832,Olha,uegydwisuhaijdf@gmail.com,none
833,Khristina,tdrfytguhuijilko@gmail.com,none
834,Sviatoslav,rafasgj@hotmail.com,none
835,Mariya,chlim@yahoo.ca,none
836,Roman,ubuntumaks@gmail.com,none
837,Oleg,tdrfytguhuijilko@gmail.com,none
838,Taras,msroth@mac.com,none
839,Sviatoslav,doskochynska83@gmail,none
840,Anna,rafasgj@hotmail.com,none
841,Taras,uegydwisuhaijdf@gmail.com,none
842,Oleg,hbrfnejidk@ukr.net,none
843,Olha,hbrfnejidk@ukr.net,none
844,Sviatoslav,ubuntumaks@gmail.com,none
845,Khristina,tdrfytguhuijilko@gmail.com,none
846,Taras,tdrfytguhuijilko@gmail.com,none
847,Denys,hoangle@hotmail.com,none
848,Roman,tdrfytguhuijilko@gmail.com,none
849,Mariya,tdrfytguhuijilko@gmail.com,none
850,Andriy,ubuntumaks@gmail.com,none
851,Olha,maxi985049@gmail.com,none
852,Pavlo,doskochynska83@gmail,none
853,Pavlo,rafasgj@hotmail.com,none
854,Andriy,hbrfnejidk@ukr.net,none
855,Taras,gastown@gmail.com,none
856,Oleg,sapiy_mariya@gmail.com,none
857,Roman,tdrfytguhuijilko@gmail.com,none
858,Anna,chlim@yahoo.ca,none
859,Olha,jschauma@live.com,none
860,Oleg,sapiy_mariya@gmail.com,none
861,Anna,jschauma@live.com,none
862,Taras,boftx@sbcglobal.net,none
863,Roman,chlim@yahoo.ca,none
864,Andriy,hoangle@hotmail.com,none
865,Taras,gastown@gmail.com,none
866,Sviatoslav,doskochynska83@gmail,none
867,Denys,pmint@aol.com,none
868,Roman,ubuntumaks@gmail.com,none
869,Olha,wertyui@gmail.com,none
870,Khristina,ubuntumaks@gmail.com,none
871,Mariya,gastown@gmail.com,none
872,Roman,doskochynska83@gmail,none
873,Taras,wertyui@gmail.com,none
874,Khristina,chlim@yahoo.ca,none
875,Oleg,chlim@yahoo.ca,none
876,Andriy,msroth@mac.com,none
877,Sviatoslav,rafasgj@hotmail.com,none
878,Khristina,ubuntumaks@gmail.com,none
879,Denys,gastown@gmail.com,none
880,Mariya,hbrfnejidk@ukr.net,none
881,Pavlo,doskochynska83@gmail,none
882,Khristina,dmbkiwi@yahoo.com,none
883,Pavlo,sapiy_mariya@gmail.com,none
884,Olha,msroth@mac.com,none
885,Khristina,tdrfytguhuijilko@gmail.com,none
886,Khristina,hoangle@hotmail.com,none
887,Oleg,chlim@yahoo.ca,none
888,Oleg,hoangle@hotmail.com,none
889,Maksym,boftx@sbcglobal.net,none
890,Oleg,boftx@sbcglobal.net,none
891,Sviatoslav,uegydwisuhaijdf@gmail.com,none
892,Sviatoslav,wertyui@gmail.com,none
893,Denys,maxi985049@gmail.com,none
894,Oleg,uegydwisuhaijdf@gmail.com,none
895,Mariya,rafasgj@hotmail.com,none
896,Pavlo,chlim@yahoo.ca,none
897,Roman,maxi985049@gmail.com,none
898,Khristina,uegydwisuhaijdf@gmail.com,none
899,Denys,rafasgj@hotmail.com,none
900,Andriy,tdrfytguhuijilko@gmail.com,none
901,Olha,doskochynska83@gmail,none
902,Olha,gregh@live.com,none
903,Pavlo,hoangle@hotmail.com,none
904,Olha,maxi985049@gmail.com,none
905,Sviatoslav,doskochynska83@gmail,none
906,Vlad,ubuntumaks@gmail.com,none
907,Mariya,jschauma@live.com,none
908,Denys,jschauma@live.com,none
909,Taras,uegydwisuhaijdf@gmail.com,none
910,Sviatoslav,maxi985049@gmail.com,none
911,Khristina,sapiy_mariya@gmail.com,none
912,Denys,maxi985049@gmail.com,none
913,Mariya,hoangle@hotmail.com,none
914,Roman,doskochynska83@gmail,none
915,Sviatoslav,hoangle@hotmail.com,none
916,Sviatoslav,rafasgj@hotmail.com,none
917,Sviatoslav,chlim@yahoo.ca,none
918,Roman,doskochynska83@gmail,none
919,Taras,dmbkiwi@yahoo.com,none
920,Khristina,doskochynska83@gmail,none
921,Taras,boftx@sbcglobal.net,none
922,Khristina,uegydwisuhaijdf@gmail.com,none
923,Roman,hoangle@hotmail.com,none
924,Roman,jschauma@live.com,none
925,Taras,hoangle@hotmail.com,none
926,Mariya,jschauma@live.com,none
927,Anna,hoangle@hotmail.com,none
928,Sviatoslav,chlim@yahoo.ca,none
929,Mariya,dmbkiwi@yahoo.com,none
930,Pavlo,hbrfnejidk@ukr.net,none
931,Pavlo,msroth@mac.com,none
932,Denys,dmbkiwi@yahoo.com,none
933,Anna,maxi985049@gmail.com,none
934,Vlad,doskochynska83@gmail,none
935,Andriy,uegydwisuhaijdf@gmail.com,none
936,Sviatoslav,doskochynska83@gmail,none
937,Anna,hbrfnejidk@ukr.net,none
938,Andriy,sapiy_mariya@gmail.com,none
939,Taras,chlim@yahoo.ca,none
940,Pavlo,dmbkiwi@yahoo.com,none
941,Andriy,wertyui@gmail.com,none
942,Olha,gastown@gmail.com,none
943,Vlad,hoangle@hotmail.com,none
944,Khristina,maxi985049@gmail.com,none
945,Taras,tdrfytguhuijilko@gmail.com,none
946,Anna,tdrfytguhuijilko@gmail.com,none
947,Vlad,hbrfnejidk@ukr.net,none
948,Oleg,uegydwisuhaijdf@gmail.com,none
949,Denys,dmbkiwi@yahoo.com,none
950,Anna,rafasgj@hotmail.com,none
951,Sviatoslav,maxi985049@gmail.com,none
952,Anna,chlim@yahoo.ca,none
953,Taras,hoangle@hotmail.com,none
954,Anna,gregh@live.com,none
955,Vlad,msroth@mac.com,none
956,Denys,maxi985049@gmail.com,none
957,Olha,jschauma@live.com,none
958,Roman,msroth@mac.com,none
959,Mariya,hbrfnejidk@ukr.net,none
960,Pavlo,dmbkiwi@yahoo.com,none
961,Andriy,chlim@yahoo.ca,none
962,Khristina,doskochynska83@gmail,none
963,Sviatoslav,jschauma@live.com,none
964,Oleg,uegydwisuhaijdf@gmail.com,none
965,Khristina,doskochynska83@gmail,none
966,Roman,gastown@gmail.com,none
967,Pavlo,rafasgj@hotmail.com,none
968,Maksym,uegydwisuhaijdf@gmail.com,none
969,Anna,tdrfytguhuijilko@gmail.com,none
970,Pavlo,hbrfnejidk@ukr.net,none
971,Sviatoslav,gregh@live.com,none
972,Pavlo,doskochynska83@gmail,none
973,Vlad,dmbkiwi@yahoo.com,none
974,Pavlo,rafasgj@hotmail.com,none
975,Roman,maxi985049@gmail.com,none
976,Vlad,ubuntumaks@gmail.com,none
977,Roman,tdrfytguhuijilko@gmail.com,none
978,Taras,chlim@yahoo.ca,none
979,Pavlo,tdrfytguhuijilko@gmail.com,none
980,Denys,msroth@mac.com,none
981,Taras,hbrfnejidk@ukr.net,none
982,Anna,pmint@aol.com,none
983,Khristina,uegydwisuhaijdf@gmail.com,none
984,Anna,sapiy_mariya@gmail.com,none
985,Mariya,maxi985049@gmail.com,none
986,Pavlo,gastown@gmail.com,none
987,Khristina,rafasgj@hotmail.com,none
988,Olha,hoangle@hotmail.com,none
989,Khristina,hbrfnejidk@ukr.net,none
990,Roman,ubuntumaks@gmail.com,none
991,Denys,sapiy_mariya@gmail.com,none
992,Roman,sapiy_mariya@gmail.com,none
993,Khristina,dmbkiwi@yahoo.com,none
994,Oleg,uegydwisuhaijdf@gmail.com,none
995,Roman,maxi985049@gmail.com,none
996,Vlad,rafasgj@hotmail.com,none
997,Mariya,dmbkiwi@yahoo.com,none
998,Denys,ubuntumaks@gmail.com,none
999,Oleg,doskochynska83@gmail,none
1000,Sviatoslav,gastown@gmail.com,none
